{
    "language": "zh",
    "pipeline": [
        {
            "model": "data/total_word_feature_extractor_zh.dat",
            "name": "nlp_mitie",
            "mitie_feature_extractor_fingerprint": 1810187658478185215,
            "class": "rasa_nlu.utils.mitie_utils.MitieNLP"
        },
        {
            "dictionary_path": "tokenizer_jieba",
            "name": "tokenizer_jieba",
            "class": "rasa_nlu.tokenizers.jieba_tokenizer.JiebaTokenizer"
        },
        {
            "name": "ner_mitie",
            "classifier_file": "entity_extractor.dat",
            "class": "rasa_nlu.extractors.mitie_entity_extractor.MitieEntityExtractor"
        },
        {
            "name": "ner_synonyms",
            "synonyms_file": "entity_synonyms.json",
            "class": "rasa_nlu.extractors.entity_synonyms.EntitySynonymMapper"
        },
        {
            "name": "intent_entity_featurizer_regex",
            "regex_file": "regex_featurizer.json",
            "class": "rasa_nlu.featurizers.regex_featurizer.RegexFeaturizer"
        },
        {
            "name": "intent_featurizer_mitie",
            "class": "rasa_nlu.featurizers.mitie_featurizer.MitieFeaturizer"
        },
        {
            "C": [
                1,
                2,
                5,
                10,
                20,
                100
            ],
            "kernels": [
                "linear"
            ],
            "max_cross_validation_folds": 5,
            "scoring_function": "f1_weighted",
            "name": "intent_classifier_sklearn",
            "classifier_file": "intent_classifier_sklearn.pkl",
            "class": "rasa_nlu.classifiers.sklearn_intent_classifier.SklearnIntentClassifier"
        }
    ],
    "training_data": "training_data.json",
    "trained_at": "20181004-224929",
    "rasa_nlu_version": "0.13.2"
}