{
  "rasa_nlu_data": {
    "common_examples": [
      {
        "intent": "request_search",
        "entities": [
          {
            "start": 3,
            "end": 6,
            "value": "周杰伦",
            "entity": "singer"
          }
        ],
        "text": "我想听周杰伦的歌"
      },
      {
        "intent": "request_search",
        "entities": [
          {
            "start": 5,
            "end": 7,
            "value": "李健",
            "entity": "singer"
          }
        ],
        "text": "给我放一首李健的歌"
      },
      {
        "intent": "request_search",
        "entities": [
          {
            "start": 3,
            "end": 5,
            "value": "李健",
            "entity": "singer"
          }
        ],
        "text": "我想听李健的歌"
      },
      {
        "intent": "request_search",
        "entities": [
          {
            "start": 3,
            "end": 6,
            "value": "梁静茹",
            "entity": "singer"
          }
        ],
        "text": "我想听梁静茹的歌"
      },
      {
        "intent": "request_search",
        "entities": [
          {
            "start": 3,
            "end": 5,
            "value": "花粥",
            "entity": "singer"
          }
        ],
        "text": "我想听花粥姐姐的歌"
      },
      {
        "intent": "request_search",
        "entities": [
          {
            "start": 3,
            "end": 6,
            "value": "李荣浩",
            "entity": "singer"
          }
        ],
        "text": "我想听李荣浩的歌"
      },
      {
        "intent": "request_search",
        "entities": [
          {
            "start": 4,
            "end": 7,
            "value": "薛之谦",
            "entity": "singer"
          }
        ],
        "text": "给我来首薛之谦的歌"
      },
      {
        "intent": "request_search",
        "entities": [
          {
            "start": 4,
            "end": 6,
            "value": "许嵩",
            "entity": "singer"
          }
        ],
        "text": "我想听个许嵩的歌"
      },
      {
        "intent": "request_search",
        "entities": [
          {
            "start": 3,
            "end": 6,
            "value": "林俊杰",
            "entity": "singer"
          }
        ],
        "text": "我想听林俊杰的歌"
      },
      {
        "intent": "request_search",
        "entities": [
          {
            "start": 2,
            "end": 5,
            "value": "周杰伦",
            "entity": "singer"
          }
        ],
        "text": "听听周杰伦的歌吧"
      },
      {
        "intent": "request_search",
        "entities": [
          {
            "start": 3,
            "end": 5,
            "value": "王菲",
            "entity": "singer"
          }
        ],
        "text": "听一首王菲的歌吧"
      },
      {
        "intent": "request_search",
        "text": "放一首林宥嘉的歌"
      },
      {
        "intent": "request_search",
        "entities": [
          {
            "start": 3,
            "end": 6,
            "value": "华晨宇",
            "entity": "singer"
          }
        ],
        "text": "放一首华晨宇的歌"
      },
      {
        "intent": "request_search",
        "entities": [
          {
            "start": 3,
            "end": 6,
            "value": "周笔畅",
            "entity": "singer"
          }
        ],
        "text": "放一首周笔畅的歌吧"
      },
      {
        "intent": "request_search",
        "entities": [
          {
            "start": 3,
            "end": 7,
            "value": "告白气球",
            "entity": "name"
          }
        ],
        "text": "我想听告白气球"
      },
      {
        "intent": "request_search",
        "entities": [
          {
            "start": 3,
            "end": 5,
            "value": "演员",
            "entity": "name"
          }
        ],
        "text": "我想听演员"
      },
      {
        "intent": "request_search",
        "entities": [
          {
            "start": 3,
            "end": 10,
            "value": "夜空中最亮的星",
            "entity": "name"
          }
        ],
        "text": "我想听夜空中最亮的星"
      },
      {
        "intent": "request_search",
        "entities": [
          {
            "start": 2,
            "end": 9,
            "value": "夜空中最亮的星",
            "entity": "name"
          }
        ],
        "text": "来首夜空中最亮的星"
      },
      {
        "intent": "request_search",
        "entities": [
          {
            "start": 2,
            "end": 4,
            "value": "李白",
            "entity": "name"
          }
        ],
        "text": "来首李白"
      },
      {
        "intent": "request_search",
        "entities": [
          {
            "start": 2,
            "end": 6,
            "value": "纸短情长",
            "entity": "name"
          }
        ],
        "text": "一首纸短情长"
      },
      {
        "intent": "request_search",
        "entities": [
          {
            "start": 3,
            "end": 7,
            "value": "平凡的路",
            "entity": "name"
          }
        ],
        "text": "来一首平凡的路"
      },
      {
        "intent": "request_search",
        "entities": [
          {
            "start": 5,
            "end": 9,
            "value": "情非得已",
            "entity": "name"
          }
        ],
        "text": "给我来一首情非得已"
      },
      {
        "intent": "request_search",
        "entities": [
          {
            "start": 2,
            "end": 7,
            "value": "追梦赤子心",
            "entity": "name"
          }
        ],
        "text": "来首追梦赤子心"
      },
      {
        "intent": "request_search",
        "entities": [
          {
            "start": 2,
            "end": 6,
            "value": "空空如也",
            "entity": "name"
          }
        ],
        "text": "来首空空如也"
      },
      {
        "intent": "request_search",
        "entities": [
          {
            "start": 3,
            "end": 5,
            "value": "五岁",
            "entity": "name"
          }
        ],
        "text": "我想听五岁"
      },
      {
        "intent": "request_search",
        "entities": [
          {
            "start": 5,
            "end": 7,
            "value": "汪峰",
            "entity": "singer"
          },
          {
            "start": 8,
            "end": 14,
            "value": "像梦一样自由",
            "entity": "name"
          }
        ],
        "text": "给我放一首汪峰的像梦一样自由"
      },
      {
        "intent": "request_search",
        "entities": [
          {
            "start": 5,
            "end": 8,
            "value": "五月天",
            "entity": "singer"
          },
          {
            "start": 9,
            "end": 11,
            "value": "拥抱",
            "entity": "name"
          }
        ],
        "text": "给我放一首五月天的拥抱"
      },
      {
        "intent": "request_search",
        "entities": [
          {
            "start": 5,
            "end": 7,
            "value": "汪峰",
            "entity": "singer"
          },
          {
            "start": 8,
            "end": 13,
            "value": "怒放的生命",
            "entity": "name"
          }
        ],
        "text": "给我来一首汪峰的怒放的生命"
      },
      {
        "intent": "request_search",
        "entities": [
          {
            "start": 3,
            "end": 6,
            "value": "周杰伦",
            "entity": "singer"
          },
          {
            "start": 7,
            "end": 12,
            "value": "鞋子特大号",
            "entity": "name"
          }
        ],
        "text": "来一首周杰伦的鞋子特大号"
      },
      {
        "intent": "request_search",
        "entities": [
          {
            "start": 3,
            "end": 6,
            "value": "邓紫棋",
            "entity": "singer"
          },
          {
            "start": 7,
            "end": 14,
            "value": "夜空中最亮的星",
            "entity": "name"
          }
        ],
        "text": "来一首邓紫棋的夜空中最亮的星"
      },
      {
        "intent": "request_search",
        "entities": [
          {
            "start": 2,
            "end": 5,
            "value": "李荣浩",
            "entity": "singer"
          },
          {
            "start": 6,
            "end": 8,
            "value": "李白",
            "entity": "name"
          }
        ],
        "text": "来个李荣浩的李白"
      },
      {
        "intent": "request_search",
        "entities": [
          {
            "start": 3,
            "end": 6,
            "value": "周杰伦",
            "entity": "singer"
          },
          {
            "start": 7,
            "end": 11,
            "value": "告白气球",
            "entity": "name"
          }
        ],
        "text": "我想听周杰伦的告白气球"
      },
      {
        "intent": "request_search",
        "entities": [
          {
            "start": 3,
            "end": 5,
            "value": "许嵩",
            "entity": "singer"
          },
          {
            "start": 6,
            "end": 10,
            "value": "山水之间",
            "entity": "name"
          }
        ],
        "text": "我想听许嵩的山水之间"
      },
      {
        "intent": "request_search",
        "entities": [
          {
            "start": 3,
            "end": 6,
            "value": "周杰伦",
            "entity": "singer"
          },
          {
            "start": 7,
            "end": 10,
            "value": "双截棍",
            "entity": "name"
          }
        ],
        "text": "我想听周杰伦的双截棍"
      },
      {
        "intent": "request_search",
        "entities": [
          {
            "start": 3,
            "end": 6,
            "value": "华晨宇",
            "entity": "singer"
          },
          {
            "start": 7,
            "end": 13,
            "value": "烟火里的尘埃",
            "entity": "name"
          }
        ],
        "text": "我想听华晨宇的烟火里的尘埃"
      },
      {
        "intent": "request_search",
        "entities": [
          {
            "start": 3,
            "end": 5,
            "value": "许嵩",
            "entity": "singer"
          },
          {
            "start": 6,
            "end": 10,
            "value": "惊鸿一面",
            "entity": "name"
          }
        ],
        "text": "我想听许嵩的惊鸿一面"
      },
      {
        "intent": "request_search",
        "entities": [
          {
            "start": 3,
            "end": 5,
            "value": "花粥",
            "entity": "singer"
          },
          {
            "start": 6,
            "end": 10,
            "value": "纸短情长",
            "entity": "name"
          }
        ],
        "text": "我想听花粥的纸短情长"
      },
      {
        "intent": "request_search",
        "entities": [
          {
            "start": 3,
            "end": 5,
            "value": "情歌",
            "entity": "style"
          }
        ],
        "text": "我想听情歌"
      },
      {
        "intent": "request_search",
        "entities": [
          {
            "start": 3,
            "end": 5,
            "value": "摇滚",
            "entity": "style"
          }
        ],
        "text": "我想听摇滚"
      },
      {
        "intent": "request_search",
        "entities": [
          {
            "start": 3,
            "end": 5,
            "value": "英文",
            "entity": "style"
          }
        ],
        "text": "我想听英文歌"
      },
      {
        "intent": "request_search",
        "entities": [
          {
            "start": 4,
            "end": 6,
            "value": "吉他",
            "entity": "style"
          }
        ],
        "text": "我想听首吉他曲"
      },
      {
        "intent": "request_search",
        "entities": [
          {
            "start": 4,
            "end": 7,
            "value": "钢琴曲",
            "entity": "style"
          }
        ],
        "text": "我想听首钢琴曲"
      },
      {
        "intent": "request_search",
        "entities": [
          {
            "start": 3,
            "end": 5,
            "value": "粤语",
            "entity": "style"
          }
        ],
        "text": "我想听粤语歌"
      },
      {
        "intent": "request_search",
        "entities": [
          {
            "start": 4,
            "end": 6,
            "value": "欢快",
            "entity": "style"
          }
        ],
        "text": "我想听首欢快的歌"
      },
      {
        "intent": "request_search",
        "entities": [
          {
            "start": 4,
            "end": 6,
            "value": "悲伤",
            "entity": "style"
          }
        ],
        "text": "我想听首悲伤的歌"
      },
      {
        "intent": "request_search",
        "entities": [
          {
            "start": 5,
            "end": 7,
            "value": "跑步",
            "entity": "style"
          }
        ],
        "text": "我想听适合跑步听的音乐"
      },
      {
        "intent": "request_search",
        "entities": [
          {
            "start": 5,
            "end": 7,
            "value": "工作",
            "entity": "style"
          }
        ],
        "text": "我想听适合工作听的音乐"
      },
      {
        "intent": "request_search",
        "entities": [
          {
            "start": 5,
            "end": 7,
            "value": "兴奋",
            "entity": "style"
          }
        ],
        "text": "我想听令人兴奋的歌"
      },
      {
        "intent": "request_search",
        "entities": [
          {
            "start": 3,
            "end": 5,
            "value": "刺激",
            "entity": "style"
          }
        ],
        "text": "我想听刺激的歌"
      },
      {
        "intent": "request_search",
        "entities": [
          {
            "start": 3,
            "end": 5,
            "value": "安静",
            "entity": "style"
          }
        ],
        "text": "我想听安静的歌"
      },
      {
        "intent": "request_search",
        "entities": [
          {
            "start": 3,
            "end": 5,
            "value": "郁闷",
            "entity": "style"
          }
        ],
        "text": "我想听郁闷的歌"
      },
      {
        "intent": "request_search",
        "entities": [
          {
            "start": 2,
            "end": 4,
            "value": "韩文",
            "entity": "style"
          }
        ],
        "text": "来首韩文歌吧"
      },
      {
        "intent": "request_search",
        "entities": [
          {
            "start": 2,
            "end": 4,
            "value": "粤语",
            "entity": "style"
          }
        ],
        "text": "来首粤语歌"
      },
      {
        "intent": "request_search",
        "entities": [
          {
            "start": 2,
            "end": 4,
            "value": "中文",
            "entity": "style"
          }
        ],
        "text": "来首中文歌"
      },
      {
        "intent": "request_search",
        "entities": [
          {
            "start": 3,
            "end": 6,
            "value": "周杰伦",
            "entity": "singer"
          },
          {
            "start": 7,
            "end": 9,
            "value": "情歌",
            "entity": "style"
          }
        ],
        "text": "我想听周杰伦的情歌"
      },
      {
        "intent": "request_search",
        "entities": [
          {
            "start": 3,
            "end": 5,
            "value": "汪峰",
            "entity": "singer"
          },
          {
            "start": 6,
            "end": 8,
            "value": "民谣",
            "entity": "style"
          }
        ],
        "text": "我想听汪峰的民谣"
      },
      {
        "intent": "request_search",
        "entities": [
          {
            "start": 3,
            "end": 6,
            "value": "五月天",
            "entity": "singer"
          },
          {
            "start": 7,
            "end": 9,
            "value": "情歌",
            "entity": "style"
          }
        ],
        "text": "我想听五月天的情歌"
      },
      {
        "intent": "request_search",
        "entities": [
          {
            "start": 3,
            "end": 6,
            "value": "五月天",
            "entity": "singer"
          },
          {
            "start": 7,
            "end": 9,
            "value": "摇滚",
            "entity": "style"
          }
        ],
        "text": "我想听五月天的摇滚"
      },
      {
        "intent": "request_search",
        "entities": [
          {
            "start": 3,
            "end": 6,
            "value": "邓紫棋",
            "entity": "singer"
          },
          {
            "start": 7,
            "end": 9,
            "value": "英文",
            "entity": "style"
          }
        ],
        "text": "我想听邓紫棋的英文歌"
      },
      {
        "intent": "request_search",
        "entities": [
          {
            "start": 3,
            "end": 6,
            "value": "邓紫棋",
            "entity": "singer"
          },
          {
            "start": 7,
            "end": 9,
            "value": "粤语",
            "entity": "style"
          }
        ],
        "text": "我想听邓紫棋的粤语歌"
      },
      {
        "intent": "request_search",
        "entities": [
          {
            "start": 3,
            "end": 5,
            "value": "汪峰",
            "entity": "singer"
          },
          {
            "start": 6,
            "end": 8,
            "value": "励志",
            "entity": "style"
          }
        ],
        "text": "我想听汪峰的励志歌"
      },
      {
        "intent": "request_search",
        "entities": [
          {
            "start": 2,
            "end": 5,
            "value": "邓紫棋",
            "entity": "singer"
          },
          {
            "start": 6,
            "end": 8,
            "value": "英文",
            "entity": "style"
          }
        ],
        "text": "来首邓紫棋的英文歌"
      },
      {
        "intent": "request_search",
        "entities": [
          {
            "start": 2,
            "end": 5,
            "value": "邓紫棋",
            "entity": "singer"
          },
          {
            "start": 6,
            "end": 8,
            "value": "粤语",
            "entity": "style"
          }
        ],
        "text": "来首邓紫棋的粤语歌"
      },
      {
        "intent": "request_search",
        "entities": [
          {
            "start": 2,
            "end": 5,
            "value": "薛之谦",
            "entity": "singer"
          },
          {
            "start": 6,
            "end": 8,
            "value": "情歌",
            "entity": "style"
          }
        ],
        "text": "来首薛之谦的情歌"
      },
      {
        "intent": "request_search",
        "entities": [
          {
            "start": 2,
            "end": 5,
            "value": "方大同",
            "entity": "singer"
          },
          {
            "start": 6,
            "end": 8,
            "value": "英文",
            "entity": "style"
          }
        ],
        "text": "来首方大同的英文歌"
      },
      {
        "intent": "request_search",
        "entities": [
          {
            "start": 2,
            "end": 5,
            "value": "方大同",
            "entity": "singer"
          },
          {
            "start": 6,
            "end": 8,
            "value": "中文",
            "entity": "style"
          }
        ],
        "text": "来首方大同的中文歌"
      },
      {
        "intent": "inform_singer",
        "entities": [
          {
            "start": 0,
            "end": 3,
            "value": "周杰伦",
            "entity": "singer"
          }
        ],
        "text": "周杰伦的"
      },
      {
        "intent": "inform_singer",
        "entities": [
          {
            "start": 0,
            "end": 2,
            "value": "花粥",
            "entity": "singer"
          }
        ],
        "text": "花粥的"
      },
      {
        "intent": "inform_singer",
        "entities": [
          {
            "start": 0,
            "end": 2,
            "value": "李健",
            "entity": "singer"
          }
        ],
        "text": "李健的"
      },
      {
        "intent": "inform_singer",
        "entities": [
          {
            "start": 0,
            "end": 2,
            "value": "汪峰",
            "entity": "singer"
          }
        ],
        "text": "汪峰的"
      },
      {
        "intent": "inform_singer",
        "entities": [
          {
            "start": 0,
            "end": 2,
            "value": "赵雷",
            "entity": "singer"
          }
        ],
        "text": "赵雷"
      },
      {
        "intent": "inform_singer",
        "entities": [
          {
            "start": 0,
            "end": 3,
            "value": "李袁杰",
            "entity": "singer"
          }
        ],
        "text": "李袁杰"
      },
      {
        "intent": "inform_name",
        "entities": [
          {
            "start": 0,
            "end": 4,
            "value": "告白气球",
            "entity": "name"
          }
        ],
        "text": "告白气球吧"
      },
      {
        "intent": "inform_name",
        "entities": [
          {
            "start": 0,
            "end": 6,
            "value": "像梦一样自由",
            "entity": "name"
          }
        ],
        "text": "像梦一样自由吧"
      },
      {
        "intent": "inform_name",
        "entities": [
          {
            "start": 0,
            "end": 4,
            "value": "纸短情长",
            "entity": "name"
          }
        ],
        "text": "纸短情长吧"
      },
      {
        "intent": "inform_name",
        "entities": [
          {
            "start": 0,
            "end": 5,
            "value": "七月的南方",
            "entity": "name"
          }
        ],
        "text": "七月的南方"
      },
      {
        "intent": "inform_name",
        "entities": [
          {
            "start": 0,
            "end": 3,
            "value": "篱边秋",
            "entity": "name"
          }
        ],
        "text": "篱边秋"
      },
      {
        "intent": "inform_name",
        "entities": [
          {
            "start": 0,
            "end": 2,
            "value": "遗憾",
            "entity": "name"
          }
        ],
        "text": "遗憾"
      },
      {
        "intent": "inform_style",
        "entities": [
          {
            "start": 0,
            "end": 2,
            "value": "欢快",
            "entity": "style"
          }
        ],
        "text": "欢快一点的"
      },
      {
        "intent": "inform_style",
        "entities": [
          {
            "start": 0,
            "end": 2,
            "value": "悲伤",
            "entity": "style"
          }
        ],
        "text": "悲伤一点的"
      },
      {
        "intent": "inform_style",
        "entities": [
          {
            "start": 0,
            "end": 2,
            "value": "情歌",
            "entity": "style"
          }
        ],
        "text": "情歌吧"
      },
      {
        "intent": "inform_style",
        "entities": [
          {
            "start": 0,
            "end": 2,
            "value": "流行",
            "entity": "style"
          }
        ],
        "text": "流行的"
      },
      {
        "intent": "inform_style",
        "entities": [
          {
            "start": 0,
            "end": 2,
            "value": "古典",
            "entity": "style"
          }
        ],
        "text": "古典音乐"
      },
      {
        "intent": "inform_style",
        "entities": [
          {
            "start": 3,
            "end": 5,
            "value": "浪漫",
            "entity": "style"
          }
        ],
        "text": "当然是浪漫的啦"
      },
      {
        "intent": "inform_style",
        "entities": [
          {
            "start": 0,
            "end": 3,
            "value": "轻音乐",
            "entity": "style"
          }
        ],
        "text": "轻音乐"
      },
      {
        "intent": "inform_style",
        "entities": [
          {
            "start": 0,
            "end": 2,
            "value": "民谣",
            "entity": "style"
          }
        ],
        "text": "民谣"
      },
      {
        "intent": "inform_style",
        "entities": [
          {
            "start": 0,
            "end": 2,
            "value": "摇滚",
            "entity": "style"
          }
        ],
        "text": "摇滚"
      },
      {
        "intent": "inform_style",
        "entities": [
          {
            "start": 0,
            "end": 2,
            "value": "治愈",
            "entity": "style"
          }
        ],
        "text": "治愈"
      },
      {
        "intent": "greet",
        "text": "你好"
      },
      {
        "intent": "greet",
        "text": "您好"
      },
      {
        "intent": "greet",
        "text": "您好吗"
      },
      {
        "intent": "greet",
        "text": "嗨"
      },
      {
        "intent": "greet",
        "text": "喂"
      },
      {
        "intent": "greet",
        "text": "你是谁"
      },
      {
        "intent": "greet",
        "text": "您是"
      },
      {
        "intent": "greet",
        "text": "你是哪个"
      },
      {
        "intent": "greet",
        "text": "啊"
      },
      {
        "intent": "goodbye",
        "text": "再见"
      },
      {
        "intent": "goodbye",
        "text": "拜拜"
      },
      {
        "intent": "goodbye",
        "text": "很高兴和你说话"
      },
      {
        "intent": "confirm",
        "text": "好的"
      },
      {
        "intent": "confirm",
        "text": "没问题的"
      },
      {
        "intent": "confirm",
        "text": "OK"
      },
      {
        "intent": "confirm",
        "text": "行"
      },
      {
        "intent": "confirm",
        "text": "可以的"
      },
      {
        "intent": "confirm",
        "text": "中中"
      },
      {
        "intent": "confirm",
        "text": "中"
      },
      {
        "intent": "confirm",
        "text": "办吧"
      },
      {
        "intent": "confirm",
        "text": "办理吧"
      },
      {
        "intent": "confirm",
        "text": "行的"
      },
      {
        "intent": "confirm",
        "text": "没问题"
      },
      {
        "intent": "confirm",
        "text": "恩"
      },
      {
        "intent": "confirm",
        "text": "嗯"
      },
      {
        "intent": "end",
        "text": "不要播放了"
      },
      {
        "intent": "end",
        "text": "停止播放"
      },
      {
        "intent": "end",
        "text": "停"
      },
      {
        "intent": "end",
        "text": "不播放了"
      },
      {
        "intent": "end",
        "text": "关机吧"
      },
      {
        "intent": "end",
        "text": "不好听"
      },
      {
        "intent": "end",
        "text": "这首歌不行"
      },
      {
        "intent": "end",
        "text": "关上吧"
      },
      {
        "intent": "end",
        "text": "不听了"
      },
      {
        "intent": "end",
        "text": "不想听了"
      },
      {
        "intent": "satisfy",
        "text": "暂时不要了"
      },
      {
        "intent": "satisfy",
        "text": "不要了"
      },
      {
        "intent": "satisfy",
        "text": "没了"
      },
      {
        "intent": "satisfy",
        "text": "没有了"
      },
      {
        "intent": "satisfy",
        "text": "不用了"
      },
      {
        "intent": "satisfy",
        "text": "暂时不用了"
      },
      {
        "intent": "satisfy",
        "text": "好的没了"
      },
      {
        "intent": "satisfy",
        "text": "好不用了"
      },
      {
        "intent": "satisfy",
        "text": "都可以"
      },
      {
        "intent": "thanks",
        "text": "谢谢"
      },
      {
        "intent": "thanks",
        "text": "谢谢您"
      },
      {
        "intent": "thanks",
        "text": "谢谢你"
      },
      {
        "intent": "thanks",
        "text": "非常感谢"
      },
      {
        "intent": "thanks",
        "text": "谢谢啊"
      },
      {
        "intent": "thanks",
        "text": "谢了"
      }
    ],
    "regex_features": [],
    "entity_synonyms": []
  }
}