{"py/object": "rasa_core.featurizers.MaxHistoryTrackerFeaturizer", "max_history": 5, "remove_duplicates": true, "state_featurizer": {"py/object": "rasa_core.featurizers.BinarySingleStateFeaturizer", "input_state_map": {"entity_name": 10, "entity_singer": 11, "entity_style": 12, "intent_confirm": 0, "intent_end": 1, "intent_goodbye": 2, "intent_greet": 3, "intent_inform_name": 4, "intent_inform_singer": 5, "intent_inform_style": 6, "intent_request_search": 7, "intent_satisfy": 8, "intent_thanks": 9, "prev_action_default_fallback": 18, "prev_action_listen": 16, "prev_action_restart": 17, "prev_action_search_consume": 27, "prev_action_search_listen": 26, "prev_utter_ask_name": 25, "prev_utter_ask_singer": 23, "prev_utter_ask_style": 24, "prev_utter_default": 21, "prev_utter_goodbye": 20, "prev_utter_greet": 19, "prev_utter_thanks": 22, "slot_name_0": 13, "slot_singer_0": 14, "slot_style_0": 15}, "num_features": 28, "slot_feature_len": 3, "user_feature_len": 13}, "use_intent_probabilities": false}