{
  "action_fingerprints": {
    "action_listen": {
      "slots": [
        "singer",
        "style",
        "name"
      ]
    },
    "utter_thanks": {
      "slots": []
    },
    "action_search_consume": {
      "slots": []
    },
    "utter_goodbye": {
      "slots": []
    }
  },
  "rasa_core": "0.10.4",
  "max_histories": [
    5,
    5,
    null
  ],
  "ensemble_name": "rasa_core.policies.ensemble.SimplePolicyEnsemble",
  "policy_names": [
    "rasa_core.policies.memoization.MemoizationPolicy",
    "rasa_core.policies.keras_policy.KerasPolicy",
    "rasa_core.policies.fallback.FallbackPolicy"
  ]
}